{"baseline_results":{"log_mode":"IMMUTABLE","sha256":"4e662e36fc94c357bb06bd1551e882471a1257f30fc0f0a3146ae42f58e1295f","path":"media/table/baseline_results_1_4e662e36fc94c357bb06.table.json","ncols":8,"_type":"table-file","nrows":46,"size":3210,"_latest_artifact_path":"wandb-client-artifact://jmiq18eyx4phqczkmjp6enjobp89qyqfyiaaxfd35xxz2z4tmiavf7p558aitiembd7ol1v7wqhc69fa5m7s5l8hlsysmi2n22i2rkn1crk9do9j1eqbsf29cbgj8olg:latest/baseline_results.table.json","artifact_path":"wandb-client-artifact://8npnw09w2y9eyjfd5ctyx4wxodghwy0j317ji5a1ecmd4mkjyf8nm440y8tuveeu8n0cuaalnha20318y8tb8w5x7kfonj4rt91wrfxl7i83v1jyp0g9syer10on7f6j/baseline_results.table.json"},"_wandb":{"runtime":367},"avg_f1":0.0439005439005439,"_timestamp":1.772285572761604e+09,"_step":1,"_runtime":367,"avg_source_overlap":0.7958223539745278,"avg_precision":0.04139061421670117,"schema_validity_rate":0,"avg_recall":0.058695652173913045,"avg_field_accuracy":0.029347826086956522,"avg_latency_ms":7965.875288714533}